python_file	owner	field	python_shape	ownership	proposed_rust	threading	drop_or_close	evidence	status	reviewer_notes
exceptions.py	RequestException	response	Response | None	BACKREF	authoritative Python exception owns the exact caller response; central binding mapper borrows an optional response only during constructor invocation	caller/interpreter thread	release reference with exception	src/requests/exceptions.py; crates/requests-python/src/errors.rs; tests_differential/test_exceptions.py	IN_PROGRESS	Task 14 preserves supplied response identity, falsey request inference, pickle graphs, and natural property/bool/constructor failures
exceptions.py	RequestException	request	PreparedRequest | None	BACKREF	authoritative Python exception owns the exact caller request; central binding mapper borrows an optional request only during constructor invocation	caller/interpreter thread	release reference with exception	src/requests/exceptions.py; crates/requests-python/src/errors.rs; tests_differential/test_exceptions.py	IN_PROGRESS	Task 14 preserves explicit/inferred request identity and exact one-message plus request-keyword mapper calls
structures.py	CaseInsensitiveDict	_store	OrderedDict[lower_key, (last_key, value)]	OWNED	authoritative Python OrderedDict; explicit core_snapshot builds a temporary CaseInsensitiveMap<()> and returns observable structural output with no hidden state or arbitrary value ownership	caller/interpreter thread only; native generic core is Send only when V is Send	authoritative Python values retain normal lifetime; value-free diagnostic copies only exact string keys and drops before returning	crates/requests/src/structures.rs + crates/requests-python/src/structures.rs + tests_differential/test_structures.py	IN_PROGRESS	Last casing/order/lazy iteration/value identity/destructor order/native snapshot covered; ordinary trial operations add no second _store read; public Python wiring and review commit pending
structures.py	LookupDict	name	Any	VALUE	authoritative Python instance attribute; private trial keeps no Rust-owned name	caller/interpreter thread	release with authoritative Python instance	tests_differential/test_structures.py arbitrary-name identity/repr case	IN_PROGRESS	Python arbitrary value and __str__ side effect covered; public wiring and review commit pending
structures.py	LookupDict	dynamic attributes	instance __dict__	PYTHON	actual Python instance __dict__; no replacement PyO3 class or hidden state	caller/interpreter thread	release with authoritative Python instance	crates/requests-python/src/structures.rs + tests_differential/test_structures.py + tests_differential/test_compatibility_values.py	IN_PROGRESS	Task 14 Phase A private status reads inspect the live canonical __dict__; class/function/base mutation falls back and restoration re-admits without hidden alias state
models.py	Request	hooks	dict[str, list[callable]]	CALLBACK	binding authoritative Python mapping; core ordered callback handles	handle may cross runtime threads; invocation marshalled to origin OS thread/interpreter	release strong callback refs	Request.__init__/RequestHooksMixin	PROPOSED	Copy and mutation identity must match Python
models.py	Request	method	str | None	VALUE	Option<String> or binding Python value until validation	caller thread	no resource	Request.__init__	PROPOSED	Non-string failure timing follows prepare_method
models.py	Request	url	str | bytes | None	PYTHON	binding strong input; core normalized URL snapshot	caller thread	release input after wrapper drop	Request.__init__	PROPOSED	Do not normalize before prepare()
models.py	Request	headers	Mapping	PYTHON	binding strong mapping; core ordered header snapshot	caller/interpreter thread	release mapping	Request.__init__	PROPOSED	Arbitrary mapping and later mutation remain observable
models.py	Request	files	mapping or sequence	PYTHON	authoritative Python aggregate; origin-pump preparation eagerly reads files into owned multipart bytes	origin OS thread/interpreter during private preparation	never close caller file; drop generated multipart bytes normally	crates/requests-python/src/body.rs; tests_differential/test_bodies.py; 953444e	IN_PROGRESS	Public Request/prepare wiring pending; _encode_files remains authoritative Python
models.py	Request	data	mapping sequence bytes text file iterator	PYTHON	authoritative Python input and body/iterator owners remain in origin-pump locals; worker adapter/actions/replies are Python-free	worker requests typed chunks; every Python protocol operation runs on the origin OS thread	do not close caller-owned object; release origin owners after worker drop	crates/requests-python/src/body.rs; tests_differential/test_bodies.py; 953444e	IN_PROGRESS	Private trials preserve lazy reads, thread identity, exception timing, and reachable cancellation only
models.py	Request	json	Any	PYTHON	authoritative Python value retained on origin until selected serializer completes	serialization runs on origin OS thread/interpreter	release after private preparation or wrapper drop	crates/requests-python/src/body.rs; tests_differential/test_bodies.py; 953444e	IN_PROGRESS	Selected or monkeypatched Python JSON module is authoritative; public wiring pending
models.py	Request	params	mapping sequence bytes	PYTHON	binding strong input; core ordered encoded snapshot	caller/interpreter thread	release with wrapper	Request.__init__/PreparedRequest.prepare_url	PROPOSED	Preserve repeated values and order
models.py	Request	auth	tuple callable or None	CALLBACK	exact built-in typed auth or strong Python callable	handle may cross runtime threads; Python invocation marshalled to origin OS thread	release strong callable	Request.__init__/PreparedRequest.prepare_auth	PROPOSED	Exact-type fast path only
models.py	Request	cookies	CookieJar dict or None	PYTHON	native store for exact built-in; strong Python jar bridge otherwise	Python jar/policy operations marshalled to origin OS thread	do not close caller-owned jar	Request.__init__/Session.prepare_request	PROPOSED	Preserve external jar identity and policy
models.py	PreparedRequest	method	str | None	VALUE	authoritative Python attribute; exact-safe Task 7 calls write a Rust-derived owned String and unsupported/dynamic shapes delegate once	caller/interpreter thread; later transport snapshot remains future work	no resource	crates/requests/src/models.rs + crates/requests-python/src/models.rs + tests_differential/test_prepare_request.py	IN_PROGRESS	Private trial and repeated public resnapshot covered; public method wiring and transport resnapshot pending
models.py	PreparedRequest	url	str | None	VALUE	authoritative Python attribute; url crate is validation/parser only for conservative exact-safe inputs and Rust owns the prepared String	caller/interpreter thread; unsupported/lossy/custom shapes delegate before mutation	no resource	crates/requests/src/models.rs + crates/requests/src/utils.rs + crates/requests-python/src/models.rs + tests_differential/test_prepare_request.py	IN_PROGRESS	Non-HTTP bypass/query/fragment/errors/IDNA fallback/lossy-parser gate/public resnapshot covered; transport validation pending
models.py	PreparedRequest	headers	CaseInsensitiveDict	OWNED	authoritative Python CaseInsensitiveDict; exact-safe stage copies text/bytes into a temporary value-only Rust ordered map then writes Rust-selected rows back	caller/interpreter thread only; no Python handle enters the core	temporary native rows drop at stage exit; authoritative Python values keep normal ownership	crates/requests/src/models.rs + crates/requests/src/utils.rs + crates/requests-python/src/models.rs + tests_differential/test_prepare_request.py	IN_PROGRESS	Order/casing/validation/partial error state/dynamic mapping/public mutation covered; public method wiring and transport snapshot pending
models.py	PreparedRequest	_cookies	CookieJar | None	PYTHON	authoritative strong Python jar plus stage-scoped owned snapshot for admitted private trials	caller/origin interpreter owns jar; worker sees only snapshot values	release strong ref after worker completion; do not close jar	crates/requests/src/cookies.rs; crates/requests-python/src/cookies.rs; tests_differential/test_cookies.py	IN_PROGRESS	Task 15 private pipeline preserves jar identity and resnapshots after hook, extraction, and digest; public preparation remains Task 16
models.py	PreparedRequest	body	bytes text file iterator or None	STREAM	core BodySource::Stream contains a Python-free PythonBodyAdapter; authoritative Python body stays in an origin-pump local	worker owns only adapter state; Python operations run on origin OS thread	never close caller-owned body; release origin owner after acknowledged worker drop	crates/requests/src/body.rs; crates/requests-python/src/body.rs; tests_differential/test_bodies.py; 953444e	IN_PROGRESS	Public PreparedRequest integration and transport remain pending
models.py	PreparedRequest	hooks	dict[str, list[callable]]	CALLBACK	binding authoritative mapping; core ordered callback handles	runtime suspends for ordered origin-thread invocation	release callback owners	PreparedRequest.__init__/prepare_hooks	PROPOSED	copy() shares hook mapping identity
models.py	PreparedRequest	_body_position	any tell result sentinel object or None	PYTHON	exact cursor or sentinel remains in authoritative origin-owned Python state; no cursor object enters worker payloads	int gate and seek run on origin OS thread	release with authoritative PreparedRequest state	crates/requests-python/src/body.rs; tests_differential/test_bodies.py; 953444e	IN_PROGRESS	Private preparation/rewind trials preserve exact tell object; public redirect integration pending
models.py	PreparedRequest	body owner relation	request body object	BACKREF	owned bytes may enter core; strong Python body and iterator owners remain in origin-pump locals while the worker carries only Python-free state	worker polls adapter; origin executes body protocols	never close caller-owned body; origin owner outlives worker polling and drops after worker acknowledgement	crates/requests-python/src/body.rs; tests_differential/test_bodies.py; 953444e	IN_PROGRESS	Redirect, digest resend, ordinary public wiring, and transport remain pending
models.py	PreparedRequest	rewind relation	body seek/tell protocol	HANDLE	authoritative origin-owned body and exact cursor; private trial has no core rewind-state representation	worker does not own cursor; origin performs Python int check and seek	no close; seek only in private rewind trial	crates/requests-python/src/body.rs; tests_differential/test_bodies.py; 953444e	IN_PROGRESS	Failed tell, non-int tell result, and no tell are distinct; native resend integration pending
models.py	Response	_content	bytes False sentinel or None	OWNED	authoritative Python field plus Python-free ResponseContent/ResponseCache projection for private trials	origin OS thread/interpreter mutates the Python field; core projection owns no Python handle	drop cached Python value normally; no added raw callback	crates/requests/src/response.rs; crates/requests-python/src/response.rs; tests_differential/test_response.py; b93b42a	IN_PROGRESS	Task 9 preserves False, exhausted-uncached, cached, and None states privately; Response.__init__, public property wiring, and transport ownership remain pending
models.py	Response	_content_consumed	bool	VALUE	authoritative Python bool plus private ResponseCache projection	origin OS thread/interpreter; ordered writes follow read/EOF/cache outcomes	no resource	crates/requests/src/response.rs; crates/requests-python/src/response.rs; tests_differential/test_response.py; b93b42a	IN_PROGRESS	Task 9 private iter/content/pickle transitions covered; public wrapper ownership remains pending
models.py	Response	_next	PreparedRequest | None	BACKREF	optional strong request handle	caller/interpreter thread	release reference	Response.__init__/Session.send	PROPOSED	Preserve .next identity
models.py	Response	status_code	Any; initialized int | None	PYTHON	core u16 for network head; binding authoritative Python value	caller/runtime snapshot; Python comparisons on origin thread when not exact int	no resource	Response.__init__/HTTPAdapter.build_response	PROPOSED	Do not reject or narrow later arbitrary Python assignment
models.py	Response	headers	CaseInsensitiveDict[str]	OWNED	ordered case-insensitive response header map	wrapper mutation under interpreter; core snapshot shareable	drop values	Response.__init__/HTTPAdapter.build_response	PROPOSED	Preserve public mutability
models.py	Response	raw	file-like response object	STREAM	Task 13 private built-in adapter trial owns a NativeAdapterRaw over the native blocking ResponseBody and retains the actual manager-returned urllib3 pool handle for canonical read-error fields; custom HTTPAdapter.build_response input remains the exact authoritative Python object	Python custom raw operations, decoder calls, and native wrapper entry run on the origin OS thread; native network waits detach the interpreter	native clean EOF reuses the current pool generation; protocol/read/decode failure clears body and decoder state and marks terminal before live Python mapping while the Python pool handle releases with raw	crates/requests/src/response.rs; crates/requests-python/src/response.rs; crates/requests-python/src/adapters.rs; crates/requests-python/src/errors.rs; tests_differential/test_adapters.py	IN_PROGRESS	Task 14 second fix proves Content-Length progress, exact IncompleteRead/ReadTimeout/DecodeError graphs, pool-capacity release, and idempotent close in urllib3 2.7/1.26; default public Session dispatch remains later
models.py	Response	url	str | None	VALUE	Option<String>	caller/runtime snapshot	no resource	Response.__init__/HTTPAdapter.build_response	PROPOSED	Public mutation remains visible
models.py	Response	encoding	str | None	VALUE	Option<String>	wrapper/caller	no resource	Response.__init__/text	PROPOSED	Caller override controls text/json decode
models.py	Response	history	list[Response]	BACKREF	ordered vector of strong response handles	caller/runtime construction; wrapper access	release chain with final response	Response.__init__/resolve_redirects	PROPOSED	Must not contain final response or self-reference
models.py	Response	reason	str | bytes | None	PYTHON	owned bytes/text tagged value; wrapper preserves shape	caller/runtime snapshot	drop value	Response.__init__/raise_for_status	PROPOSED	Error message decoding follows oracle
models.py	Response	cookies	RequestsCookieJar	PYTHON	authoritative strong Python jar; Rust cookie results written back on origin thread; optional native snapshot	Python cookie operations marshalled to origin OS thread	release jar; no close	Response.__init__/build_response	PROPOSED	Preserve mutable jar identity and resnapshot after callbacks/direct mutation
models.py	Response	elapsed	datetime.timedelta	VALUE	core Duration converted to Python timedelta; Python clock result when monkeypatched	runtime timing for pristine clock; preferred_clock calls on origin OS thread	no resource	Response.__init__/Session.send	PROPOSED	Measures first request byte through parsed response headers and honors monkeypatch
models.py	Response	request	PreparedRequest	BACKREF	strong prepared request handle	caller/runtime construction	release with response	Response.__init__/Session.send	PROPOSED	Used by errors, cookies, hooks, and auth
models.py	Response	connection	HTTPAdapter	BACKREF	strong Transport handle or Python adapter owner	runtime-safe built-in; Python adapter invocation on origin OS thread	clear adapter pools only through Session/explicit adapter close	Response annotation/Session.send	PROPOSED	Digest auth calls connection.send
models.py	Response	body connection lease	pool connection plus pool generation	HANDLE	ConnectionLease with generation identity owned by native ResponseBody and transferred into NativeAdapterRaw today; a future public Python BodyHandle must preserve that single owner	async runtime plus caller stream	return only after clean EOF while generation is current; close/orphan after clear or on early close/drop/cancel/terminal transport error; initial decoder error retains ownership until later EOF/close	crates/requests/src/response.rs; crates/requests/src/transport/pool.rs; crates/requests-python/src/adapters.rs; crates/requests/tests/protocol_http.rs; crates/requests/tests/protocol_compression.rs; crates/requests/tests/protocol_tls.rs; tests_differential/test_adapters.py; f2e36cb; d984126; 840b2be; e7366de	IN_PROGRESS	Task 14 third fix proves the private wrapper's urllib3-compatible decoder-error ownership and exactly-once release; public Response/BodyHandle wiring remains pending
sessions.py	Session	headers	CaseInsensitiveDict[str]	PYTHON	binding authoritative object; typed snapshot per request	caller/interpreter thread	release mapping	Session.__init__/__attrs__	PROPOSED	Caller may replace object entirely
sessions.py	Session	auth	tuple callable or None	CALLBACK	exact built-in typed auth or Python callable bridge	Python callback on origin OS thread/interpreter	release callback owner	Session.__init__/__attrs__	PROPOSED	Request auth overrides session auth
sessions.py	Session	proxies	dict[str, str]	PYTHON	binding authoritative mapping; ordered normalized snapshot	caller/interpreter then runtime owned	release mapping	Session.__init__/__attrs__	PROPOSED	None values delete merged keys
sessions.py	Session	hooks	dict[str, list[callable]]	CALLBACK	binding authoritative mapping; ordered callback handles	callback invoked on origin OS thread/interpreter	release strong refs	Session.__init__/__attrs__	PROPOSED	Empty response hook list has special merge behavior
sessions.py	Session	params	mutable mapping	PYTHON	binding authoritative mapping; ordered snapshot	caller/interpreter	release mapping	Session.__init__/__attrs__	PROPOSED	Arbitrary mapping accepted
sessions.py	Session	stream	bool	VALUE	bool	caller then copied into send options	no resource	Session.__init__/__attrs__	PROPOSED	Explicit request value wins
sessions.py	Session	verify	bool path or None	PYTHON	authoritative Python value mapped by future public wiring to native TlsConfig CertificateSource; preserve the original wrapper value	caller then runtime snapshot	native roots are loaded once on an HTTPS pool miss; any partial platform-store error fails the load; no filesystem owner survives it	Session.__init__/__attrs__; crates/requests/src/client.rs; crates/requests/src/transport/tls.rs; crates/requests/src/transport/establishment_tests.rs; crates/requests/tests/protocol_tls.rs; d984126; 93e4e09; 840b2be	IN_PROGRESS	Task 12 native Platform, PemBundle, PemDirectory, and Disabled modes plus mixed platform cert/error fail-closed staging are accepted through review 840b2be; Python value conversion, environment CA resolution, and insecure-warning emission remain pending
sessions.py	Session	cert	path tuple or None	PYTHON	authoritative Python value mapped by future public wiring to native TlsConfig ClientIdentity; preserve the original wrapper value	caller then runtime snapshot	native chain/key bytes and every certificate-chain DER element are validated once on an HTTPS pool miss and released after rustls configuration	Session.__init__/__attrs__; crates/requests/src/client.rs; crates/requests/src/transport/tls.rs; crates/requests/src/transport/establishment_tests.rs; crates/requests/tests/protocol_tls.rs; d984126; 93e4e09; 840b2be	IN_PROGRESS	Task 12 native combined and separate identities, ordering, malformed-intermediate rejection, mismatch rejection, and TLS 1.3 mTLS are accepted through review 840b2be; Python tuple validation/error timing remains pending
sessions.py	Session	max_redirects	Any; initialized int	PYTHON	binding authoritative Python value plus normalized native counter only while compatible	origin OS thread comparison/normalization; runtime uses accepted snapshot	release Python value	Session.__init__/__attrs__	PROPOSED	Public assignment can be invalid or unbounded until used
sessions.py	Session	trust_env	bool	VALUE	bool	caller then runtime copied	no resource	Session.__init__/__attrs__	PROPOSED	Controls proxy, netrc, and CA env resolution
sessions.py	Session	cookies	RequestsCookieJar or external CookieJar	PYTHON	authoritative strong Python jar; optional stage-scoped native snapshot only for exact built-in	caller/runtime snapshot synchronization; Python policy and writeback on origin OS thread	do not close external jar	Session.__init__/__attrs__	PROPOSED	Preserve identity; resnapshot after callbacks and direct inherited _cookies mutation
sessions.py	Session	adapters	OrderedDict[str, BaseAdapter]	PYTHON	ordered prefix map of strong Transport/Python adapter handles	caller mutation and Python dispatch on origin OS thread	Session.close calls every current adapter.close; built-in remains reusable; custom close semantics are authoritative	Session.__init__/mount/__attrs__	PROPOSED	Mount reorders by descending prefix length
sessions.py	Session	core client	connection pools and runtime handle	SHARED_ARC	private Task 16 pipeline owns typed runtime/pool identities and real Client/Transport resources; future public binding remains a hidden side-table handle	Send + Sync native core; Python state remains origin-owned	private close/clear detaches pool generations without stopping the driver; public Session close remains Task 17	crates/requests-python/src/sessions.rs; crates/requests/src/session_runtime.rs; tests_rust/test_runtime_bridge.py; tests_differential/test_session_runtime.py	IN_PROGRESS	Task 16 B10-B14 prove real fork-local driver, populated pool, connection, lease, clear, reuse, and outstanding-stream lifetimes; no public visible Session attribute is claimed
sessions.py	Session	redirect generator	live response and prepared request state	STREAM	sealed private native redirect cursor with origin-owned suspended state and typed worker actions	caller iteration with async work driven by the shared runtime	close/drop releases current response and retained Python state on origin according to the frozen oracle	crates/requests-python/src/sessions.rs; tests_differential/test_sessions_redirects.py	IN_PROGRESS	Task 16 R/T families prove lazy construction, sequential cross-thread resume, concurrent-next rejection, terminal/error/close/drop behavior; public generator wiring remains Task 17 and the R07 Minor is deferred
sessions.py	Session	pickle state	__attrs__ values	PYTHON	private native extraction/restoration around a pure state-dictionary codec	caller/interpreter	live pools are excluded and recreated through adapter state	crates/requests-python/src/sessions.rs; tests_differential/test_sessions_redirects.py	IN_PROGRESS	Task 16 A05 proves native state extraction/restoration and partial-stop semantics while public Session pickle protocol integration remains Task 17
adapters.py	HTTPAdapter	max_retries	actual urllib3 Retry object	PYTHON	authoritative strong Python Retry plus an all-or-fallback normalized immutable RetryPolicy snapshot only during an admitted private call	caller/origin interpreter freezes top-level urllib3/version, complete Retry/module dictionaries, and Python function code/defaults/closures/metadata, performs origin-thread clock/random/sleep, then reloads live MaxRetryError.reason and class globals for every authoritative handler branch; worker owns no Retry object	release Python Retry owner normally; native retry history is call-scoped	crates/requests/src/retry.rs; crates/requests-python/src/adapters.rs; tests_differential/test_retries.py; tests_differential/test_adapters.py; scripts/run-urllib3-126-adapter-evidence.py	IN_PROGRESS	Task 14 second fix proves exact reason-descriptor access order and official 1.26.20/installed 2.7.0 matrices; unsupported admission provenance still selects Python only before native effects
adapters.py	HTTPAdapter	config	dict[str, Any]	PYTHON	authoritative exact Python dict; private trial admits only the empty supported state	caller/origin interpreter	release mapping normally	src/requests/adapters.py; crates/requests-python/src/adapters.rs; 74afd7e	IN_PROGRESS	Nonempty, replaced, or unsupported config selects the retained Python compatibility send
adapters.py	HTTPAdapter	proxy_manager	dict[str, urllib3 manager]	PYTHON	authoritative visible Python dict of real urllib3 managers plus no hidden Python proxy owner in native pools	origin OS thread refetches the live SOCKS manager global and process-frozen HTTP/SOCKS pool-class plus shared key-function sources before effects; every missing/raising SOCKS lookup or validation is non-pristine and selects compatibility, while successful exact-source snapshots compare candidate exact-string key/value identities after later callbacks; proxy_manager_for entry is the hard native commit point	populate through unchanged proxy_manager_for and retain its actual connection pool for error fields; retained Python preserves authoritative lookup errors before entry, while post-entry routing mutation raises without replay or proof recording; clear moves visible values before native generations	src/requests/adapters.py; crates/requests-python/src/adapters.rs; tests_differential/test_adapters.py; b8e4c06; 575247d; fa11253	IN_PROGRESS	Task 14 recovery fix 3 preserves missing/raising SOCKS manager observation and authoritative NameError type/arguments/order in both urllib3 lanes; public/default dispatch remains pending and fresh scoped re-review is required
adapters.py	HTTPAdapter	_pool_connections	Any; initialized int	PYTHON	authoritative Python value normalized only as exact nonnegative usize during private admission	origin OS thread normalization; runtime snapshot	release Python value normally	crates/requests-python/src/adapters.rs; 74afd7e	IN_PROGRESS	Mutation or non-convertible value disables the Rust trial before side-table access
adapters.py	HTTPAdapter	_pool_maxsize	Any; initialized int	PYTHON	authoritative Python value normalized as an exact positive usize and copied into a configuration-specific AdapterPool	origin OS thread normalization; runtime pool synchronization	release Python value; side-table pool drops after weak collection or clear	crates/requests/src/adapters.rs; crates/requests-python/src/adapters.rs; tests_differential/test_adapters.py	IN_PROGRESS	Zero capacity in either block mode selects Python before native manager/pool/socket effects
adapters.py	HTTPAdapter	_pool_block	Any; initialized bool	PYTHON	authoritative Python value checked as exact bool during private admission	origin OS thread normalization; block capacity is held by the raw-body owner until EOF or close	release Python value normally	crates/requests-python/src/adapters.rs; crates/requests/src/adapters.rs; tests_differential/test_adapters.py	IN_PROGRESS	Private block and overflow capacity paths are GREEN; default public dispatch remains later
adapters.py	HTTPAdapter	poolmanager	real urllib3 PoolManager	PYTHON	authoritative visible strong Python PoolManager; native AdapterPool shadows live only in the weak side table	origin OS thread validates exact manager/class/instance behavior, partial key functions and contents, pool class constructors/methods plus recursively proven base/MRO behavior, recursive mappings, and RecentlyUsedContainer behavior/dictionary/backing container before every fallback-capable private step; connection_from_url entry is the hard native commit point	retain the actual returned pool for canonical urllib3 fields; post-entry pool-count/proof refresh may raise but never selects retained-Python replay; visible clear precedes native generation clear and manager remains reusable	src/requests/adapters.py; crates/requests/src/adapters.rs; crates/requests-python/src/adapters.rs; tests_differential/test_adapters.py	IN_PROGRESS	Task 14 second fix proves one direct visible pool entry and one native response under a trace-time live-global mutation; public/default Session dispatch remains pending
adapters.py	HTTPAdapter	Python subclass owner	adapter instance	CALLBACK	callback weakref only in the native side table while the exact façade owns a live native handle; arbitrary subclass/custom adapter remains a normal strong Python owner in Session/origin code	private exact built-in calls normalize on origin; subclasses and monkeypatches invoke Python directly	remove side entry when weakref dies; custom adapter lifetime remains Python-authoritative	crates/requests-python/src/adapters.rs; tests_differential/test_adapters.py; Task 17 public-type RED	IN_PROGRESS	Approved Task 17 ruling permits the internal callback weakref to appear in weakref.getweakrefs only while a live native handle exists; user weakrefs, callback/finalization order, non-retention, GC, copy/pickle independence, and id-reuse safety remain strict; no native attribute/state/pickle field is visible
adapters.py	Transport	response request relation	PreparedRequest	BACKREF	strong prepared request handle stored by unchanged Python build_response; native transport owns only copied typed request data during the attempt	origin thread snapshots before detached network wait; Response.request/connection remain Python references	release typed request after attempt and Python backrefs with Response	src/requests/adapters.py; crates/requests-python/src/adapters.rs; tests_differential/test_adapters.py; 74afd7e	IN_PROGRESS	Private exact trial is GREEN; hooks/digest/Session integration remain later
auth.py	HTTPBasicAuth	username	Any; commonly str or bytes	PYTHON	authoritative strong Python object; only exact built-in str/bytes form a stage-local BasicCredentials snapshot while dependencies are pristine	origin OS thread performs exact-type admission; any other shape enters retained Python once before repr, warning, str, or Latin-1 coercion; Python-free core performs Base64 only for exact inputs	release Python object and temporary owned byte snapshot after the private call	HTTPBasicAuth.__init__/_basic_auth_str; crates/requests/src/auth.rs; crates/requests-python/src/auth.rs; tests_differential/test_task15_fix2.py	IN_PROGRESS	Task 15 fix round 2 prevents native credential callbacks before compatibility selection
auth.py	HTTPBasicAuth	password	Any; commonly str or bytes	PYTHON	authoritative strong Python object; only exact built-in str/bytes form a stage-local BasicCredentials snapshot while dependencies are pristine	origin OS thread performs exact-type admission; any other shape enters retained Python once and preserves exact username-before-password warning/coercion order; Python-free core performs Base64 only for exact inputs	release Python object and temporary owned byte snapshot after the private call	HTTPBasicAuth.__init__/_basic_auth_str; crates/requests/src/auth.rs; crates/requests-python/src/auth.rs; tests_differential/test_task15_fix2.py	IN_PROGRESS	Task 15 fix round 2 leaves all non-exact credential lifetime and observation semantics Python-authoritative
auth.py	HTTPDigestAuth	username	Any; commonly str or bytes	PYTHON	authoritative strong Python object; exact str is copied into a stage-local Python-free DigestRequest only while type/code/global proofs remain pristine	origin OS thread snapshots; worker hashes only owned strings	finish worker before dropping origin owners; release typed request at completion	HTTPDigestAuth.__init__/build_digest_header; crates/requests/src/auth.rs; crates/requests-python/src/auth.rs; tests_differential/test_hooks_auth.py	IN_PROGRESS	Arbitrary objects, subclasses, and untrusted globals fall back before narrowing
auth.py	HTTPDigestAuth	password	Any; commonly str or bytes	PYTHON	authoritative strong Python object; exact str is copied into a stage-local Python-free DigestRequest only while type/code/global proofs remain pristine	origin OS thread snapshots; worker hashes only owned strings	finish worker before dropping origin owners; clear temporary typed request at completion	HTTPDigestAuth.__init__/build_digest_header; crates/requests/src/auth.rs; crates/requests-python/src/auth.rs; tests_differential/test_hooks_auth.py	IN_PROGRESS	Arbitrary objects, subclasses, and untrusted globals fall back before narrowing
auth.py	HTTPDigestAuth	_thread_local	Any; initialized actual threading.local	THREAD_LOCAL	authoritative Python threading.local remains on the caller; native core receives only a stage-local DigestState copy	one state per entering OS thread; all reads/writes and live entropy actions occur through that thread's binding invocation	no Python local crosses the worker; typed state returns before origin owner release	HTTPDigestAuth.__init__/init_per_thread_state; crates/requests-python/src/auth.rs; tests_differential/test_hooks_auth.py	IN_PROGRESS	Task 15 proves one shared auth keeps main and worker Python thread state isolated; never use Tokio task-local
auth.py	DigestState	init	Any; initialized bool	PYTHON	authoritative Python attribute; optional bool snapshot only while pristine	origin OS thread/thread-local object	release with authoritative thread-local object	init_per_thread_state	PROPOSED	Presence via hasattr is authoritative; value itself is not validated
auth.py	DigestState	last_nonce	Any; initialized str	PYTHON	authoritative Python value plus an exact stage-local String only on pristine header admission	origin OS thread snapshots and writes after successful header assembly	release temporary String with the worker result; Python value remains thread-local	init_per_thread_state/build_digest_header; tests_differential/test_hooks_auth.py	IN_PROGRESS	Task 15 preserves no-write on unsupported qop and exact per-thread state
auth.py	DigestState	nonce_count	arbitrary Python int	PYTHON	native u32 stage state only for exact nonnegative values that fit; every other value falls back before narrowing	origin-thread Python local is updated before live ctime/urandom actions to match partial-mutation timing	release typed counter with the worker result; Python int remains authoritative	init_per_thread_state/build_digest_header; crates/requests/src/auth.rs; tests_differential/test_hooks_auth.py	IN_PROGRESS	Lower-hex minimum width eight is covered; public arbitrary Python ints remain authoritative
auth.py	DigestState	chal	Any mapping-like; initialized dict	PYTHON	authoritative strong Python object; exact dict/string fields are copied into a stage-local DigestChallenge only while pristine	origin thread performs key lookup in oracle order before worker hashing	release typed challenge after completion; never retain the Python mapping	init_per_thread_state/handle_401; tests_differential/test_hooks_auth.py	IN_PROGRESS	Task 15 preserves exact missing-key exception/state; custom mappings and mutations fall back
auth.py	DigestState	pos	any tell result or None	PYTHON	authoritative exact Python cursor retained only by the Python thread-local; admitted worker carries no cursor handle	typed Seek action invokes seek with the exact object on the entering origin thread before challenge lookup	release with authoritative Python thread-local state after worker completion	HTTPDigestAuth.__call__/handle_401; crates/requests-python/src/auth.rs; tests_differential/test_bodies.py; tests_differential/test_hooks_auth.py	IN_PROGRESS	Task 15 admitted resend proves opaque cursor identity and seek-before-challenge; dynamic body/request surfaces fall back
auth.py	DigestState	num_401_calls	arbitrary Python int | None	PYTHON	exact fitting counter is copied into stage-local Digest401Input on admitted private calls; all other values stay authoritative Python	origin actions perform increment/reset at oracle order and worker carries only u32	release typed copy with worker; Python value remains in the thread-local	init_per_thread_state/handle_401; crates/requests-python/src/auth.rs; tests_differential/test_hooks_auth.py	IN_PROGRESS	Task 15 admitted resend proves one retry, final count, and partial state on exact send error; arbitrary comparison errors fall back
auth.py	HTTPDigestAuth	response hooks	bound methods	CALLBACK	strong auth owner captured by hook handles	callback on origin OS thread/interpreter	release with PreparedRequest hooks	HTTPDigestAuth.__call__	PROPOSED	Avoid an unintended Rust reference cycle
cookies.py	MockRequest	_r	PreparedRequest	BACKREF	strong request handle	caller/interpreter	release with wrapper	MockRequest.__init__	PROPOSED	Read-only relation but request remains mutable externally
cookies.py	MockRequest	_new_headers	dict[str, str]	OWNED	ordered string map	caller/interpreter	drop values	MockRequest.__init__/add_unredirected_header	PROPOSED	Preserve returned dictionary identity
cookies.py	MockRequest	type	str	VALUE	String	caller/interpreter	no resource	MockRequest.__init__	PROPOSED	Derived once from request URL
cookies.py	MockResponse	_headers	HTTPMessage-like object	PYTHON	strong Python header provider	caller/interpreter	release with wrapper	MockResponse.__init__	PROPOSED	Preserve info/getheaders protocol
cookies.py	RequestsCookieJar	_cookies	directly mutable inherited domain/path/name hierarchy	PYTHON	authoritative exact built-in dict hierarchy plus origin-owned live response, snapshot, and header tables addressed only by category-specific typed IDs	caller/origin thread owns all Python iteration, mutation, extraction, row/header projection, and table lookup; workers carry only range-checked monotonic IDs and owned Rust decisions	release all table entries with the non-Send/non-Sync origin owner after worker completion; unsupported precommit proof delegates before effects and committed errors propagate without replay	crates/requests/src/cookies.rs; crates/requests-python/src/cookies.rs; tests_differential/test_cookies.py; tests_differential/test_task15_fix3.py; tests_differential/test_task15_fix4.py; tests_differential/test_task15_fix5.py	IN_PROGRESS	Task 15 Fix5 preserves exact Python object identity and fresh live projection while compiler tests exclude the owner from WorkerPayload, Send, and Sync
cookies.py	RequestsCookieJar	_policy	CookiePolicy	PYTHON	exact DefaultCookiePolicy graph or strong authoritative Python policy owner	Python policy executes on the origin OS thread; custom type, method, key, or callback-capable field selects compatibility before effects	release policy owner with jar; arbitrary __getstate__ objects remain origin-owned through membership	crates/requests-python/src/cookies.rs; tests_differential/test_cookies.py; tests_differential/test_task15_fix5.py	IN_PROGRESS	Task 15 Fix5 proves the exact default-policy graph before private copy/pickle while preserving policy identity, arbitrary state membership behavior, and public Python ownership
cookies.py	RequestsCookieJar	_cookies_lock	threading.RLock	HANDLE	authoritative exact Python RLock only; no Rust mirror lock	copy/pickle admission proves exact lock type plus live requests.cookies.threading, threading.RLock identity, and RLock code on the entering Python thread	recreate through the source-level unpickle path; never move the lock to a worker	crates/requests-python/src/cookies.rs; tests_differential/test_cookies.py; tests_differential/test_task15_fix5.py	IN_PROGRESS	Task 15 Fix5 rejects lock subclasses and rebound factories before effects, then preserves lock omission and recreation
cookies.py	RequestsCookieJar	cookie objects	http.cookiejar.Cookie	PYTHON	authoritative Python Cookie objects and identity-sensitive inspect defaults remain origin-owned; core owns copied decision fields only after exact class/MRO/default-getattribute/raw-instance and callback-free argument proof	caller/origin interpreter performs proof, live iteration, construction, insertion, copy, pickle, exposure, and final result identity selection; canonical native conversion requires exact built-in module type, otherwise the live bound helper executes	return origin-held default/_rest handles directly where identity is observable; unsupported descriptors, scalars, shadows, module subclasses, or dependencies select compatibility before effects or authoritative live committed calls without replay	crates/requests/src/cookies.rs; crates/requests-python/src/cookies.rs; tests_differential/test_cookies.py; tests_differential/test_task15_fix2.py; tests_differential/test_task15_fix3.py; tests_differential/test_task15_fix4.py; tests_differential/test_task15_fix5.py	IN_PROGRESS	Task 15 Fix5 preserves argument/default identity, module-subclass authority, and callback evaluation order while worker payloads remain Python-free
cookies.py	external CookieJar	jar	CookieJar object or subclass	CALLBACK	strong authoritative Python CookieJar bridge; exact built-in entry proves operation-specific instance state, then committed stages resolve live helpers, wrappers, bound methods, globals, and iteration dependencies	all jar/policy/global operations execute at their frozen stage on the entering origin OS thread/interpreter; no callback-sensitive object or module-subclass attribute result is cached across callbacks	do not close caller-owned jar; later missing or raising dependencies propagate directly without compatibility replay	crates/requests-python/src/cookies.rs; tests_differential/test_cookies.py; tests_differential/test_task15_fix4.py; tests_differential/test_task15_fix5.py	IN_PROGRESS	Task 15 Fix5 preserves callback-time replacement/deletion, module-subclass authority, thread affinity, and reentrancy; public redirects remain Task 16
hooks.py	HookRegistry	response callbacks	list[callable]	CALLBACK	authoritative Python iterator/callables stay in OriginHookOwner; worker owns only ordered HookId and HookValueId state	Python truthiness, get, selected truthiness, live Callable lookup/isinstance, iteration, mutation, kwargs, and callback invocation execute sequentially on the entering OS thread/interpreter	worker completes before origin owner and exact PyErr/value table drop; missing Callable carries the authoritative NameError message and name attribute, and no live lookup failure is replayed	crates/requests/src/hooks.rs; crates/requests-python/src/callbacks.rs; tests_differential/test_hooks_auth.py; tests_differential/test_task15_fix2.py; tests_differential/test_task15_fix3.py	IN_PROGRESS	Task 15 fix round 3 preserves the full missing-global exception surface without introducing Python worker payloads
status_codes.py	codes	dynamic aliases	LookupDict attributes	PYTHON	authoritative Python attribute dictionary generated by unchanged status_codes._init; Rust retains only canonical identity/proof handles for private exact reads	caller/interpreter; proof and reads remain under Python	original singleton and proof handles live for the interpreter; module reload creates a new submodule singleton while requests.codes intentionally remains stale	crates/requests-python/src/structures.rs; tests_differential/test_compatibility_values.py	IN_PROGRESS	Task 14 Phase A freezes 68 rows/243 aliases/order/collisions/symbols/hashes while preserving arbitrary mutation, empty base dict, public class/singleton identities, and reload boundary
exceptions.py	PythonErrorMapper	original_error	BaseException | None	PYTHON	Canonical urllib3 surrogate PyErr stays origin-interpreter-owned; Python-free core Error carries only typed kind/message, and live raw owner globals are resolved after native effects and the lifecycle transition required by that exact handler	caller/interpreter thread; no Python handle crosses a worker or await	pass-through returns the same PyErr; wrappers/handler failures transfer the canonical surrogate into exact __context__; terminal transport errors clean before mapping, while decoder errors retain the raw lease until later EOF or explicit close	crates/requests/src/error.rs; crates/requests-python/src/errors.rs; crates/requests-python/src/adapters.rs; tests_differential/test_exceptions.py; tests_differential/test_adapters.py	IN_PROGRESS	Task 14 third fix preserves the oracle decoder-error ownership transition while retaining the existing exception graph; public Session dispatch remains pending
planned	ClientInner	pools	origin and proxy pools	SHARED_ARC	native Transport owns Arc<Mutex<Pool>> with generation-tagged keys covering origin scheme/authority, proxy scheme/authority/credentials/DNS mode, roots, and identity; each private adapter side-table entry owns configuration-specific AdapterPools plus separate lifecycle, admission, and manager-proof revisions	Tokio runtime; synchronized; every Python observation/proof and routing-source refetch runs outside ADAPTER_POOLS	clear detaches current generations without killing borrowed streams; weak adapter death moves the pool set out before clearing; ordinary admissions merge, close rejects a changed admission snapshot, and direct/proxy proof observation/revision retries are bounded to eight attempts	crates/requests/src/transport/mod.rs; crates/requests/src/transport/pool.rs; crates/requests/src/transport/proxy.rs; crates/requests/src/adapters.rs; crates/requests-python/src/adapters.rs; crates/requests/tests/protocol_proxy.rs; tests_differential/test_adapters.py; 74afd7e; e7366de; b3a175d; 70c226b; 36963f3; b8e4c06	IN_PROGRESS	Task 14 recovery fix 1 preserves the exact visible proof set while rejecting replaced live routing sources and later candidate routing mutation; default Session ownership remains later
planned	NativeAsyncClient	executor	caller Tokio runtime	BORROWED	caller executor used only while polling each future	caller runtime threads; no Python bridge	do not own or shut down caller runtime	approved architecture	PROPOSED	Native async never routes through the blocking/Python background driver
planned	BlockingRuntimeDriver	runtime	Tokio runtime handle	SHARED_ARC	Arc<DriverInner> holding one process-local multi-thread Tokio runtime; each BlockingSubmission owns a PID-tagged optional abort handle	Send + Sync only while the recorded PID matches	a panicking submitted task disconnects only its submission as WorkerStopped; a normal recovery task and existing adapter pool reuse the same driver generation	crates/requests/src/blocking.rs; crates/requests-python/src/runtime.rs; crates/requests-python/src/sessions.rs; tests_rust/test_runtime_bridge.py; tests_differential/test_session_runtime.py	IN_PROGRESS	Task 16 B10-B16 prove process-local generation replacement, live response/lease fork isolation, bounded finalization, panic translation, and same-generation recovery; public Session integration remains Task 17
planned	BlockingRuntimeDriver	process_id	OS process identity	VALUE	u32 driver/submission PID plus monotonically assigned runtime generation	process_local, public submit, and public submission wait/try_wait/cancel validate std::process::id	no resource	crates/requests/src/blocking.rs; crates/requests-python/src/sessions.rs; tests_rust/test_runtime_bridge.py; tests_differential/test_session_runtime.py	IN_PROGRESS	Task 16 B10-B12 prove child PID mismatch forgets inherited driver/client/response resources, lazily creates a newer child generation, and leaves the parent's live generation usable
planned	OriginBodyOwner	python_body	file iterator or producer	PYTHON	strong Python body/iterator owner held in the owned action-run state; never a BodySource, worker future, or adapter field	never moves to a worker; typed Python-free actions marshal operations to origin OS thread/interpreter	normal completion returns the owner to origin; bounded non-terminal cancellation retains it in origin-thread quarantine until terminal notification and origin reap	crates/requests-python/src/body.rs; crates/requests-python/src/runtime.rs; crates/requests-python/src/sessions.rs; tests_rust/test_runtime_bridge.py	IN_PROGRESS	Task 16 B08-B09 extend the private proof through real upload interruption, worker-drop evidence, origin quarantine retention/reap, and exact dirty-resource non-reuse; public Session wiring remains Task 17
planned	BodySource	rewind_state	initial cursor and capability	STREAM	RewindState enum	runtime state machine	no resource; seek only when requested	approved architecture	PROPOSED	Non-rewindable remains non-rewindable
planned	PythonBodyAdapter / OriginBodySource	chunk_state	Python-free worker state plus origin-owned Python iterator/read/once state	STREAM	worker AdapterState is Idle/Waiting/Done with sender/mode/size/failure/counters; origin source owns Python objects	worker polls one typed action at a time; Python next/read executes serially on origin OS thread	never close caller producer; worker reaches deterministic terminal/drop state before origin release	crates/requests-python/src/body.rs; tests_differential/test_bodies.py; 953444e	IN_PROGRESS	Private reachable phases only: before-poll, queued-before-dequeue, and reply-observed; transport pending
planned	BodyHandle	connection_lease	pooled connection	HANDLE	Native ResponseBody currently owns ConnectionLease for plain or TLS-backed HTTP/1; NativeAdapterRaw retains that owner across an initial decoder error	runtime plus caller stream	return only after clean protocol EOF; decoder failure remains open/owned until later EOF or explicit close, then releases dirty exactly once	crates/requests/src/response.rs; crates/requests/src/transport/pool.rs; crates/requests-python/src/adapters.rs; crates/requests/tests/protocol_http.rs; crates/requests/tests/protocol_compression.rs; crates/requests/tests/protocol_tls.rs; tests_differential/test_adapters.py; f2e36cb; d984126; 840b2be; e7366de	IN_PROGRESS	Task 14 third fix differentially proves malformed-gzip capacity retention, explicit-close release, second-read EOF release, and idempotent close in urllib3 2.7 and 1.26; public integration remains pending
planned	PythonCallback	callable	Python object	CALLBACK	strong Python handles and PyErr slots exist only in owned origin state; workers carry opaque IDs and owned typed data	invocation only through the entering-thread action pump	normal terminal completion returns the owner; non-terminal bounded cancellation quarantines it on origin until a Python-free waiter signals terminal	crates/requests-python/src/runtime.rs; crates/requests-python/src/sessions.rs; tests_rust/test_runtime_bridge.py; tests_differential/test_session_runtime.py	IN_PROGRESS	Task 16 B01-B04 and B15-B18 prove origin affinity, nested action pumping, exact BaseException identity, bounded finalization, live authority after await, and typed correlated reply isolation
planned	PythonCallContext	origin_thread	OS thread identity	VALUE	std::thread::ThreadId captured at binding entry and checked before every action	synchronous entering thread executes the bounded action pump	no resource	crates/requests-python/src/runtime.rs; crates/requests-python/src/sessions.rs; tests_rust/test_runtime_bridge.py; tests_differential/test_session_runtime.py	IN_PROGRESS	Task 16 B01, B03, B17, and B18 extend the private proof to composed Session callbacks, nested requests, post-await mutations, and concurrent independent channels; public integration remains Task 17
planned	PythonCallContext	interpreter	Python interpreter identity	HANDLE	interpreter-local sys.modules identity token plus Py<PyAny> and PyErr values retained only in origin-pump locals	origin OS thread retains Python ownership and reacquires the interpreter after each detach	release Python values and errors from origin-pump locals	crates/requests-python/src/runtime.rs; crates/requests-python/src/sessions.rs; tests_rust/test_runtime_bridge.py; tests_differential/test_session_runtime.py	IN_PROGRESS	Task 16 B01-B04/B17-B18 preserve interpreter identity, exact exception chains, and per-channel response/error identity while worker futures own no Python values
planned	PythonCallContext	action_queue	typed Python-free action/reply channel	HANDLE	generic std mpsc ActionSender<A,R> plus Tokio oneshot reply; explicit Body/Response/Session action and reply WorkerPayload inventories; origin owner is a separate non-Send generic	worker producers and terminal waiter handle only Python-free channels, submissions, typed payloads, and atomic notification	on non-terminal cancellation the receiver and owner remain together in origin TLS quarantine; a later origin pump reaps terminal entries, while TLS destruction forgets permanently nonterminal owner/receiver pairs on that origin thread	crates/requests-python/src/runtime.rs; crates/requests-python/src/sessions.rs; crates/requests/src/session_runtime.rs; tests_rust/test_runtime_bridge.py	IN_PROGRESS	Task 16 B02 and B18 compile-check every Session envelope as Python-free typed data and prove independent concurrent channels reject stale/wrong-category/mutated envelopes without reply theft
planned	PythonCallContext	signal_wake	Python signal notification/check state	HANDLE	10 ms recv/check loop with signal precedence plus a 500 ms bounded cancellation acknowledgement window	origin OS thread checks signals, initiates cancel, and either observes terminal or moves only BlockingSubmission to a Python-free waiter	if still live at the bound, receiver and owner enter origin TLS quarantine; terminal notification permits same-origin pump reap, while TLS destruction forgets permanently nonterminal receiver/owner pairs instead of blocking	crates/requests-python/src/runtime.rs; crates/requests-python/src/sessions.rs; tests_rust/test_runtime_bridge.py; tests_differential/test_session_runtime.py	IN_PROGRESS	Task 16 B05-B09 prove signal precedence and exact interruption across real connect/head/read/upload waits, dirty release, same-runtime recovery, and bounded origin quarantine; public Session wiring remains Task 17
planned	AdapterSideTable	rust_pool_shadow	weak adapter identity to Rust pools	SHARED_ARC	weakref-keyed binding registry with separate native LRU realms for the main manager and each proxy manager; normalized origin and complete proxy/TLS/config keys map to Arc<AdapterPool>; lifecycle epochs distinguish registration/close from ordinary admission revisions	Send + Sync native pools; weakref reaping and visible-state reads occur on origin thread	close snapshots lifecycle plus admission revision before clearing; ordinary concurrent admissions serialize and merge without changing the send lifecycle commitment; admission requires pristine process-frozen routing sources, visible proxy-manager count equal to recorded proof count, and every visible manager to match its existing proof; cleanup moves pools out before clearing	crates/requests/src/adapters.rs; crates/requests-python/src/adapters.rs; tests_differential/test_adapters.py; b3a175d; 70c226b; 36963f3; b8e4c06	IN_PROGRESS	Task 14 recovery fix 1 preserves stale-destructive-snapshot rejection and the preused-manager fallback boundary without source replacement or rejected-realm re-admission privilege; default Session integration remains later
planned	AdapterSideTable	pristine_snapshot	fields methods class attrs module globals builtins callable internals partials classes bases mappings and nested manager state	OWNED	recursive behavior proofs plus frozen raw HTTPAdapter.send globals/builtins; manager records separate immutable Arc proofs from mutable pool proofs, retains the exact admitted proxy dict, carries an optimistic proof revision, and process-freezes exact HTTP/SOCKS pool-class plus shared key-function mapping proofs	refetch the live SOCKS manager global and all routing sources before effects and treat every SOCKS lookup/validation error as non-pristine; otherwise require exact source identity, native exact-dict snapshots with exact-string keys, and identity-only candidate/canonical comparison after proof callbacks; all observation/revision retries are bounded	release frozen graph tokens with binding; move every displaced Python-owned proof map out of ADAPTER_POOLS before drop; pre-manager source failure falls back to authoritative Python while post-manager routing mutation raises without replay or proof recording	crates/requests-python/src/adapters.rs; tests_differential/test_adapters.py; tests_differential/test_retries.py; b3a175d; 70c226b; 36963f3; b8e4c06; 575247d; fa11253	IN_PROGRESS	Task 14 recovery fix 3 closes the remaining SOCKS manager-global observation leakage while preserving exact-dict iteration, source identity, and the hard commit boundary; default Session wiring remains pending and fresh scoped re-review is required
planned	ModuleFastPath	global_dependencies	behavior-sensitive module globals	PYTHON	per-method frozen identity/value map	checked on origin OS thread before Rust dispatch	release identity handles when module/binding finalizes	approved architecture	PROPOSED	Generated inventory covers helper/module/constant monkeypatches
planned	PythonWrapper	public_state	instance __dict__ and replaceable public attributes	PYTHON	authoritative Python values; typed field rows are stage snapshots unless they explicitly own a Python handle	origin OS thread for Python mutation/normalization	release values with wrapper according to normal Python ownership	approved architecture + public attribute contract	PROPOSED	Never let a typed core snapshot reject, overwrite, or hide a later arbitrary Python assignment
planned	PythonWrapper	core_handle	Rust request response session or adapter	SHARED_ARC	Arc or unique owned core handle	free-threaded synchronization required	explicit close where available; drop releases final handle	approved architecture	PROPOSED	Python __dict__ remains authoritative for replaceable public attrs
